Headline,ID,Link
"
김정은동지께서 김대중 전 대통령의 부인 리희호녀사의 유가족들에게 조의문을 보내시였다",AR0126237,"fn_showArticle(""AR0126135"", """", ""NT00"", ""L"")"
"
경애하는 최고령도자 김정은동지께서 김대중 전 대통령의 부인 리희호녀사의 유가족들에게 조의문과 조화를 보내시였다 ",AR0126237,"fn_showArticle(""AR0126133"", """", ""NT00"", ""L"")"
"
김정은동지께서 로씨야대통령에게 축전을 보내시였다",AR0126237,"fn_showArticle(""AR0126098"", """", ""NT00"", ""L"")"
"
경애하는 최고령도자 김정은동지께서 조선인민군 제2기 제7차 군인가족예술소조경연에서 당선된 군부대들의 군인가족예술소조원들과 기념사진을 찍으시였다 ",AR0126237,"fn_showArticle(""AR0125885"", """", ""NT00"", ""L"")"
"
김정은동지께서 꾸바공산당 중앙위원회 제1비서에게 축전을 보내시였다",AR0126237,"fn_showArticle(""AR0125876"", """", ""NT00"", ""L"")"
"
대집단체조와 예술공연 《인민의 나라》 개막 ",AR0126237,"fn_showArticle(""AR0125856"", """", ""NT00"", ""L"")"
"
조국통일연구원 상보",AR0126237,"fn_showArticle(""AR0125916"", """", ""NT04"", ""L"")"
"
조선민주주의인민공화국 조국평화통일위원회 통일선전국 고발장",AR0126237,"fn_showArticle(""AR0125556"", """", ""NT04"", ""L"")"
"
파멸의 운명에 처한자들의 부질없는 대결광증--조선중앙통신사 론평",AR0126237,"fn_showArticle(""AR0125472"", """", ""NT04"", ""L"")"
"
반제민전 중앙위원회 전국민이 일치단합하여 보수적페세력들을 척결하고 항쟁용사들이 바라던 념원을 성취하자고 호소",AR0126237,"fn_showArticle(""AR0125350"", """", ""NT04"", ""L"")"
"
거세찬 역풍을 몰아오는 《북풍몰이》--조선중앙통신사 론평",AR0126237,"fn_showArticle(""AR0125232"", """", ""NT04"", ""L"")"
"
조선인민에게 련대성을 보낼것을 세네갈정당 호소",AR0126237,"fn_showArticle(""AR0126317"", """", ""NT03"", ""L"")"
"
김정일동지의 당건설업적을 여러 나라 인사들 찬양",AR0126237,"fn_showArticle(""AR0126316"", """", ""NT03"", ""L"")"
"
백두산체스꼬조선친선협회 년차총회 진행",AR0126237,"fn_showArticle(""AR0126315"", """", ""NT03"", ""L"")"
"
최룡해동지 세이쉘공화국 국경절을 축하",AR0126237,"fn_showArticle(""AR0126295"", """", ""NT03"", ""L"")"
"
6.12조미공동성명채택 1돐에 즈음하여 로씨야,알제리인사 담화 발표",AR0126237,"fn_showArticle(""AR0126290"", """", ""NT03"", ""L"")"
"
김일성주석회고위원회 쿠웨이트에서 결성",AR0126237,"fn_showArticle(""AR0126289"", """", ""NT03"", ""L"")"
"
김일성주석회고 수리아통일사회주의자당위원회 결성",AR0126237,"fn_showArticle(""AR0126288"", """", ""NT03"", ""L"")"
"
김정은동지께 베네수엘라 까라보보주 나구아나구아시가 최고훈장을 수여해드리였다",AR0126237,"fn_showArticle(""AR0126287"", """", ""NT03"", ""L"")"
"
조선인민에게 련대성을 보낼것을 세네갈정당 호소",AR0126237,"fn_showArticle(""AR0126317"", """", ""NT06"", ""L"")"
"
남조선단체들 민족분렬을 끝장내기 위한 투쟁에 나설것을 호소",AR0126237,"fn_showArticle(""AR0126309"", """", ""NT02"", ""L"")"
"
김일성동지와 김정일동지의 동상을 찾아 재일조선고급학교 학생조국방문단들 경모의 정 표시",AR0126237,"fn_showArticle(""AR0126193"", """", ""NT05"", ""L"")"
"
김일성동지와 김정일동지의 동상을 찾아 재일동포조국방문단 경모의 정 표시",AR0126237,"fn_showArticle(""AR0126164"", """", ""NT05"", ""L"")"
"
총련의 방문단들 도착",AR0126237,"fn_showArticle(""AR0126162"", """", ""NT05"", ""L"")"
"
국제고려인통일련합회 잡지 《통일》 2019년 4-5월호 발행",AR0126237,"fn_showArticle(""AR0126154"", """", ""NT05"", ""L"")"
"
재일조선고급학교 학생조국방문단이 떠나갔다",AR0126237,"fn_showArticle(""AR0126153"", """", ""NT05"", ""L"")"
"
세계급혈자의 날에 즈음한 행사 진행  ",AR0126237,"fn_showArticle(""AR0126159"", """", ""NT10"", ""L"")"
"
조선에서 적십자활동 활발 ",AR0126237,"fn_showArticle(""AR0126284"", """", ""NT10"", ""L"")"
"
평양국제건강 및 의료기구부문 과학기술전시회 개막  ",AR0126237,"fn_showArticle(""AR0126283"", """", ""NT10"", ""L"")"
"
재능있는 건축인재들을 육성 ",AR0126237,"fn_showArticle(""AR0126237"", """", ""NT10"", ""L"")"
