ID,headline,link
AR0126290,"
Pyongyang International Sci-Tech Exhibition of Health and Medical Appliances Opens  ","fn_showArticle(""AR0126283"", """", ""NT09"", ""L"")"
AR0126290,"
Fictions and Models - 2019 Held ","fn_showArticle(""AR0125978"", """", ""NT09"", ""L"")"
AR0126290,"
Performance Given by State Merited Chorus to Mark Founding Anniversary of KPRA ","fn_showArticle(""AR0124586"", """", ""NT12"", ""L"")"
AR0126290,"
Piano Concert Held by Students of Kim Won Gyun University of Music ","fn_showArticle(""AR0126163"", """", ""NT12"", ""L"")"
AR0126290,"
""Unbangul""-trademarked Musical Instruments Popular in DPRK ","fn_showArticle(""AR0126072"", """", ""NT12"", ""L"")"
AR0126290,"
Art Performance Given to Celebrate KCU Founding Anniversary ","fn_showArticle(""AR0125945"", """", ""NT12"", ""L"")"
AR0126290,"
Supreme Leader Kim Jong Un Sends Condolatory Message to Bereaved Families of Ri Hui Ho","fn_showArticle(""AR0126135"", """", ""NT00"", ""L"")"
AR0126290,"
Supreme Leader Kim Jong Un Sends Condolatory Message and Wreath to Bereaved Families of Ri Hui Ho, Wife of S. Korean Ex-President Kim Dae Jung ","fn_showArticle(""AR0126134"", """", ""NT00"", ""L"")"
AR0126290,"
Supreme Leader Kim Jong Un Sends Greetings to President of Russian Federation","fn_showArticle(""AR0126098"", """", ""NT00"", ""L"")"
AR0126290,"
Supreme Leader Kim Jong Un Has Photo Session with Members of Art Groups of KPA Officers' Wives ","fn_showArticle(""AR0125886"", """", ""NT00"", ""L"")"
AR0126290,"
Supreme Leader Kim Jong Un Congratulates Raul Castro Ruz","fn_showArticle(""AR0125876"", """", ""NT00"", ""L"")"
AR0126290,"
Grand Mass Gymnastics and Artistic Performance Opens ","fn_showArticle(""AR0125857"", """", ""NT00"", ""L"")"
AR0126290,"
DPRK Red Cross Society ","fn_showArticle(""AR0126284"", """", ""NT03"", ""L"")"
AR0126290,"
Greetings to Seychellois President","fn_showArticle(""AR0126295"", """", ""NT03"", ""L"")"
AR0126290,"
DPRK-U.S. Joint Statement Supported by Personages of Russia and Algeria","fn_showArticle(""AR0126290"", """", ""NT03"", ""L"")"
AR0126290,"
President Kim Il Sung to Be Remembered in Kuwait","fn_showArticle(""AR0126289"", """", ""NT03"", ""L"")"
AR0126290,"
President Kim Il Sung to Be Remembered in Syria","fn_showArticle(""AR0126288"", """", ""NT03"", ""L"")"
AR0126290,"
Venezuelan City's Highest Order Awarded to Supreme Leader Kim Jong Un","fn_showArticle(""AR0126287"", """", ""NT03"", ""L"")"
AR0126290,"
Xi Jinping to Visit DPRK","fn_showArticle(""AR0126286"", """", ""NT03"", ""L"")"
AR0126290,"
Pyongyang International Sci-Tech Exhibition of Health and Medical Appliances Opens  ","fn_showArticle(""AR0126283"", """", ""NT03"", ""L"")"
AR0126290,"
DPRK-U.S. Joint Statement Supported by Personages of Russia and Algeria","fn_showArticle(""AR0126290"", """", ""NT06"", ""L"")"
